{"cameraMode":{"drawMode":0,"name":"Shaded","section":"Shading Mode"},"sceneLighting":true,"audioPlay":false,"sceneViewState":{"m_AlwaysRefresh":false,"showFog":true,"showSkybox":true,"showFlares":true,"showImageEffects":true,"showParticleSystems":true,"showVisualEffectGraphs":true,"m_FxEnabled":true},"in2DMode":false,"pivot":{"x":0.36875197291374209,"y":1.0058495998382569,"z":0.5330556631088257},"rotation":{"x":0.128849059343338,"y":-0.5278238654136658,"z":0.08139315247535706,"w":0.8355689644813538},"size":1.8746538162231446,"orthographic":true}